{
  "neutral_base_mult": 114.23306750710755,
  "enemy_base_mult": 98.05194571248872,
  "duel_neutral_bonus": 98.44843968142928,
  "duel_garrison_bonus": 3.569859117549806,
  "ffa_neutral_bonus": 14.726567931476886,
  "ffa_garrison_bonus": 0.688886135813734,
  "ffa_high_prod_bonus": 26.31689599956083,
  "leader_pressure": 99.59965891423438,
  "ffa_behind_pressure": 104.02032884519402,
  "weak_garrison_bonus": 1.0063298956721398,
  "early_reserve_step": 14,
  "duel_open_step": 29,
  "ffa_open_step": 75,
  "ffa_close_enemy_dist": 22.81553957480509,
  "ffa_close_reserve_prod_mult": 1,
  "ffa_close_reserve_base": 3,
  "mid_reserve_step": 82,
  "late_reserve_step": 85,
  "endgame_reserve_step": 173,
  "late_reserve_prod_mult": 1,
  "endgame_reserve_prod_mult": 3,
  "close_threat_dist": 27.7571571390049,
  "mid_threat_dist": 40.301446528546975,
  "close_threat_bonus": 2,
  "mid_threat_bonus": 2,
  "min_fleet_early": 4,
  "min_fleet_mid": 5,
  "min_fleet_late": 7,
  "ffa_behind_threshold": 0.7873547428883441,
  "ffa_behind_start": 70,
  "ffa_behind_end": 155,
  "power_projection_mult": 17.315598855459246
}