{
  "neutral_prod_weight": 92.0,
  "enemy_prod_weight": 126.1791020036234,
  "duel_open_prod": 78.44872327097099,
  "duel_open_ship_thresh": 17.874392683792856,
  "ffa_open_prod": 26.414526653617692,
  "ffa_open_ship_thresh": 18.0,
  "ffa_behind_bonus": 147.36845563448807,
  "leader_bonus": 81.29019216935917,
  "elimination_bonus": 130.1864893259796,
  "weak_target_thresh": 26.21895740950516,
  "conflict_bonus": 34.3928093550118,
  "vulture_bonus": 27.199722486400532,
  "duel_send_penalty": 1.1448516502681103,
  "duel_dist_penalty": 1.241280552986393,
  "duel_eta_penalty": 2.0,
  "duel_prod3_bonus": 31.331709307225474,
  "duel_ships12_bonus": 25.742101136266815,
  "ffa_send_penalty": 1.8765001854783878,
  "ffa_dist_penalty": 0.8817359696374617,
  "ffa_eta_penalty": 1.2643259152296658,
  "ffa_prod3_bonus": 15.879998950011698,
  "ffa_ships14_bonus": 14.77922025143565,
  "mid_send_penalty": 2.286485180215997,
  "mid_dist_penalty": 0.5408155439852327,
  "mid_eta_penalty": 1.1152435398212552,
  "duel_open_end": 59,
  "ffa_open_end": 51,
  "ffa_reserve_dist": 15.070237913825167,
  "ffa_behind_dist": 31.84816604707035,
  "locality_bonus_max": 12.254728472253685,
  "locality_radius": 30.71217038837997
}