{
  "neutral_prod_weight": 92.0,
  "enemy_prod_weight": 122.78210064019127,
  "duel_open_prod": 68.51066887079689,
  "duel_open_ship_thresh": 20.632974427557496,
  "ffa_open_prod": 26.414526653617692,
  "ffa_open_ship_thresh": 17.727415070127602,
  "ffa_behind_bonus": 147.36845563448807,
  "leader_bonus": 77.9469273728467,
  "elimination_bonus": 130.1864893259796,
  "weak_target_thresh": 31.500282212939787,
  "conflict_bonus": 36.996772115921964,
  "vulture_bonus": 27.553294899991972,
  "duel_send_penalty": 1.2350894160907497,
  "duel_dist_penalty": 1.252161998856395,
  "duel_eta_penalty": 1.7598330088123342,
  "duel_prod3_bonus": 31.331709307225474,
  "duel_ships12_bonus": 25.742101136266815,
  "ffa_send_penalty": 1.8765001854783878,
  "ffa_dist_penalty": 0.8865940753004212,
  "ffa_eta_penalty": 1.035389475660367,
  "ffa_prod3_bonus": 16.10582266217186,
  "ffa_ships14_bonus": 14.030831934537758,
  "mid_send_penalty": 2.286485180215997,
  "mid_dist_penalty": 0.597931623414639,
  "mid_eta_penalty": 1.132272157460846,
  "duel_open_end": 55,
  "ffa_open_end": 47,
  "ffa_reserve_dist": 11.422212006168182,
  "ffa_behind_dist": 34.776102458875094,
  "locality_bonus_max": 12.254728472253685,
  "locality_radius": 21.805605675056338
}