{
  "neutral_prod_weight": 92.0,
  "enemy_prod_weight": 128.57825444490032,
  "duel_open_prod": 78.44872327097099,
  "duel_open_ship_thresh": 20.632974427557496,
  "ffa_open_prod": 26.414526653617692,
  "ffa_open_ship_thresh": 18.0,
  "ffa_behind_bonus": 147.36845563448807,
  "leader_bonus": 81.29019216935917,
  "elimination_bonus": 130.1864893259796,
  "weak_target_thresh": 26.21895740950516,
  "conflict_bonus": 34.3928093550118,
  "vulture_bonus": 27.679682704347954,
  "duel_send_penalty": 1.2350894160907497,
  "duel_dist_penalty": 1.1066927193336904,
  "duel_eta_penalty": 1.88617996529036,
  "duel_prod3_bonus": 31.331709307225474,
  "duel_ships12_bonus": 25.742101136266815,
  "ffa_send_penalty": 1.8765001854783878,
  "ffa_dist_penalty": 0.8865940753004212,
  "ffa_eta_penalty": 1.043486234139995,
  "ffa_prod3_bonus": 15.879998950011698,
  "ffa_ships14_bonus": 14.030831934537758,
  "mid_send_penalty": 2.286485180215997,
  "mid_dist_penalty": 0.5408155439852327,
  "mid_eta_penalty": 1.1152435398212552,
  "duel_open_end": 59,
  "ffa_open_end": 48,
  "ffa_reserve_dist": 15.070237913825167,
  "ffa_behind_dist": 31.84816604707035,
  "locality_bonus_max": 12.254728472253685,
  "locality_radius": 30.71217038837997
}