{
  "neutral_prod_weight": 92.0,
  "enemy_prod_weight": 113.61054672330461,
  "duel_open_prod": 76.9703781997495,
  "duel_open_ship_thresh": 18.0,
  "ffa_open_prod": 28.056105990053965,
  "ffa_open_ship_thresh": 18.0,
  "ffa_behind_bonus": 130.96039031120077,
  "leader_bonus": 72.0,
  "elimination_bonus": 157.2278678416868,
  "weak_target_thresh": 26.21895740950516,
  "conflict_bonus": 38.01028727962271,
  "vulture_bonus": 35.0,
  "duel_send_penalty": 1.1448516502681103,
  "duel_dist_penalty": 1.5992139325528976,
  "duel_eta_penalty": 2.0,
  "duel_prod3_bonus": 42.0481641443192,
  "duel_ships12_bonus": 28.0,
  "ffa_send_penalty": 1.8765001854783878,
  "ffa_dist_penalty": 0.72,
  "ffa_eta_penalty": 1.2643259152296658,
  "ffa_prod3_bonus": 18.0,
  "ffa_ships14_bonus": 14.77922025143565,
  "mid_send_penalty": 1.9,
  "mid_dist_penalty": 0.5329317659777274,
  "mid_eta_penalty": 1.2998194051283434,
  "duel_open_end": 53,
  "ffa_open_end": 51,
  "ffa_reserve_dist": 15.070237913825167,
  "ffa_behind_dist": 31.84816604707035,
  "locality_bonus_max": 12.254728472253685,
  "locality_radius": 30.71217038837997
}