{
  "neutral_prod_weight": 92.0,
  "enemy_prod_weight": 135.18905985583245,
  "duel_open_prod": 73.27637857109127,
  "duel_open_ship_thresh": 20.632974427557496,
  "ffa_open_prod": 26.414526653617692,
  "ffa_open_ship_thresh": 17.727415070127602,
  "ffa_behind_bonus": 155.1639025415658,
  "leader_bonus": 77.9469273728467,
  "elimination_bonus": 130.1864893259796,
  "weak_target_thresh": 31.500282212939787,
  "conflict_bonus": 37.580361484597645,
  "vulture_bonus": 27.553294899991972,
  "duel_send_penalty": 1.1462285754517307,
  "duel_dist_penalty": 1.1636422017977621,
  "duel_eta_penalty": 1.7598330088123342,
  "duel_prod3_bonus": 31.95944047988191,
  "duel_ships12_bonus": 20.28603748772735,
  "ffa_send_penalty": 1.8328229626318888,
  "ffa_dist_penalty": 0.8261114275247652,
  "ffa_eta_penalty": 1.0776535036786754,
  "ffa_prod3_bonus": 17.02638164169883,
  "ffa_ships14_bonus": 14.59484013987553,
  "mid_send_penalty": 2.2084177353438967,
  "mid_dist_penalty": 0.7103216636954404,
  "mid_eta_penalty": 1.2027254151303088,
  "duel_open_end": 61,
  "ffa_open_end": 45,
  "ffa_reserve_dist": 11.786025597450319,
  "ffa_behind_dist": 34.776102458875094,
  "locality_bonus_max": 12.254728472253685,
  "locality_radius": 21.805605675056338
}